vehicle_id,owner_name,address,vehicle_type,engine_cc
VEH0001,محمد احمد,House 45 DHA Lahore,Corolla,1600
VEH0002,Aly Khan,Street 10 G11 Islamabad,Civic,1800
VEH0003,Ali Khan,H#45 DHA Lhr,Land Cruiser,4600
VEH0004,Muhammad Ahmd,House 12 Street 10 G11 Islamabad,Prado,3000
VEH0005,Ahmed Raza,Phase 8 Bahria RWP,Land Cruiser,4600
VEH0006,Aly Khan,Street 10 G11 Islamabad,Prado,3000
VEH0008,Aly Khan,House 12 Street 10 G11 Islamabad,Civic,1800
VEH0012,Ahmad Raza,H#45 DHA Lhr,Fortuner,2700
VEH0014,Aly Khan,H#12 St10 G11 Isb,Prado,3000
VEH0015,احمد رضا,H#45 DHA Lhr,Corolla,1600
VEH0021,احمد رضا,Street 10 G11 Islamabad,Land Cruiser,4600
VEH0023,Ahmed Raza,H#45 DHA Lhr,Corolla,1600
VEH0025,Ahmad Raza,Street 10 G11 Islamabad,Civic,1800
VEH0027,Aly Khan,Phase 8 Bahria RWP,Fortuner,2700
VEH0028,Ahmed Raza,House 12 Street 10 G11 Islamabad,Land Cruiser,4600
VEH0031,M Ahmed,H#12 St10 G11 Isb,Civic,1800
VEH0033,Muhammad Ahmed,Phase 8 Bahria RWP,Corolla,1600
VEH0034,احمد رضا,Street 10 G11 Islamabad,Civic,1800
VEH0035,علی خان,H#45 DHA Lhr,Fortuner,2700
VEH0036,Muhammad Ahmed,Bahria Phase 8 Rawalpindi,Land Cruiser,4600
VEH0037,علی خان,House 45 DHA Lahore,Fortuner,2700
VEH0038,احمد رضا,H#45 DHA Lhr,Land Cruiser,4600
VEH0041,احمد رضا,House 12 Street 10 G11 Islamabad,Prado,3000
VEH0042,محمد احمد,H#45 DHA Lhr,Land Cruiser,4600
VEH0043,Aly Khan,House 12 Street 10 G11 Islamabad,Civic,1800
VEH0044,Muhammad Ahmd,H#45 DHA Lhr,Corolla,1600
VEH0045,M Ahmed,House 45 DHA Lahore,Land Cruiser,4600
VEH0046,Ali Khan,H#12 St10 G11 Isb,Land Cruiser,4600
VEH0048,Aly Khan,House 12 Street 10 G11 Islamabad,Corolla,1600
VEH0049,Ali Khan,Phase 8 Bahria RWP,Civic,1800
VEH0050,Ahmed Raza,H#12 St10 G11 Isb,Land Cruiser,4600
VEH0051,علی خان,H#12 St10 G11 Isb,Fortuner,2700
VEH0052,Ahmad Raza,House 12 Street 10 G11 Islamabad,Corolla,1600
VEH0055,M Ahmed,House 12 Street 10 G11 Islamabad,Corolla,1600
VEH0056,علی خان,Phase 8 Bahria RWP,Land Cruiser,4600
VEH0059,Ahmad Raza,House 12 Street 10 G11 Islamabad,Land Cruiser,4600
VEH0061,علی خان,H#45 DHA Lhr,Land Cruiser,4600
VEH0062,Ahmad Raza,H#45 DHA Lhr,Corolla,1600
VEH0064,Muhammad Ahmd,Street 10 G11 Islamabad,Land Cruiser,4600
VEH0065,Muhammad Ahmed,House 45 DHA Lahore,Prado,3000
VEH0066,Muhammad Ahmd,H#12 St10 G11 Isb,Land Cruiser,4600
VEH0069,M Ahmed,House 12 Street 10 G11 Islamabad,Fortuner,2700
VEH0070,علی خان,House 12 Street 10 G11 Islamabad,Prado,3000
VEH0071,احمد رضا,Bahria Phase 8 Rawalpindi,Fortuner,2700
VEH0072,محمد احمد,Phase 8 Bahria RWP,Land Cruiser,4600
VEH0074,Aly Khan,H#45 DHA Lhr,Corolla,1600
VEH0076,احمد رضا,House 45 DHA Lahore,Prado,3000
VEH0077,Ahmad Raza,H#45 DHA Lhr,Prado,3000
VEH0078,علی خان,House 45 DHA Lahore,Land Cruiser,4600
VEH0079,M Ahmed,H#45 DHA Lhr,Prado,3000
VEH0080,Muhammad Ahmd,Street 10 G11 Islamabad,Corolla,1600
VEH0082,M Ahmed,House 12 Street 10 G11 Islamabad,Corolla,1600
VEH0083,محمد احمد,H#12 St10 G11 Isb,Fortuner,2700
VEH0084,Ahmed Raza,H#12 St10 G11 Isb,Corolla,1600
VEH0085,Ahmed Raza,House 45 DHA Lahore,Civic,1800
VEH0087,Muhammad Ahmed,Street 10 G11 Islamabad,Corolla,1600
VEH0088,علی خان,Bahria Phase 8 Rawalpindi,Corolla,1600
VEH0090,Muhammad Ahmd,H#12 St10 G11 Isb,Prado,3000
VEH0092,علی خان,H#12 St10 G11 Isb,Land Cruiser,4600
VEH0093,Ali Khan,House 45 DHA Lahore,Corolla,1600
VEH0094,M Ahmed,Phase 8 Bahria RWP,Fortuner,2700
VEH0095,علی خان,H#12 St10 G11 Isb,Fortuner,2700
VEH0096,Ahmad Raza,H#45 DHA Lhr,Fortuner,2700
VEH0097,Muhammad Ahmd,House 45 DHA Lahore,Land Cruiser,4600
VEH0099,محمد احمد,Phase 8 Bahria RWP,Prado,3000
VEH0100,Ahmed Raza,H#45 DHA Lhr,Land Cruiser,4600
VEH0101,محمد احمد,H#12 St10 G11 Isb,Civic,1800
VEH0102,علی خان,H#45 DHA Lhr,Prado,3000
VEH0103,Muhammad Ahmd,Phase 8 Bahria RWP,Fortuner,2700
VEH0105,علی خان,H#45 DHA Lhr,Civic,1800
VEH0106,علی خان,House 12 Street 10 G11 Islamabad,Fortuner,2700
VEH0107,احمد رضا,Bahria Phase 8 Rawalpindi,Corolla,1600
VEH0108,Ali Khan,House 12 Street 10 G11 Islamabad,Fortuner,2700
VEH0112,احمد رضا,H#12 St10 G11 Isb,Fortuner,2700
VEH0113,علی خان,House 12 Street 10 G11 Islamabad,Corolla,1600
VEH0114,علی خان,H#45 DHA Lhr,Corolla,1600
VEH0117,Aly Khan,H#45 DHA Lhr,Corolla,1600
VEH0118,احمد رضا,House 45 DHA Lahore,Corolla,1600
VEH0120,Muhammad Ahmd,Street 10 G11 Islamabad,Prado,3000
VEH0121,علی خان,House 12 Street 10 G11 Islamabad,Prado,3000
VEH0122,Ahmed Raza,Phase 8 Bahria RWP,Fortuner,2700
VEH0123,Ahmed Raza,House 45 DHA Lahore,Land Cruiser,4600
VEH0124,M Ahmed,House 12 Street 10 G11 Islamabad,Land Cruiser,4600
VEH0125,Muhammad Ahmed,Bahria Phase 8 Rawalpindi,Fortuner,2700
VEH0126,Aly Khan,H#45 DHA Lhr,Fortuner,2700
VEH0128,Muhammad Ahmd,Street 10 G11 Islamabad,Prado,3000
VEH0129,Ali Khan,H#12 St10 G11 Isb,Fortuner,2700
VEH0131,Muhammad Ahmed,Phase 8 Bahria RWP,Civic,1800
VEH0132,Ahmed Raza,H#45 DHA Lhr,Land Cruiser,4600
VEH0136,احمد رضا,H#45 DHA Lhr,Corolla,1600
VEH0137,Aly Khan,Street 10 G11 Islamabad,Fortuner,2700
VEH0138,محمد احمد,House 12 Street 10 G11 Islamabad,Civic,1800
VEH0139,Muhammad Ahmd,H#12 St10 G11 Isb,Corolla,1600
VEH0140,Ahmed Raza,House 12 Street 10 G11 Islamabad,Civic,1800
VEH0141,Muhammad Ahmd,Bahria Phase 8 Rawalpindi,Fortuner,2700
VEH0143,احمد رضا,House 45 DHA Lahore,Corolla,1600
VEH0145,علی خان,H#12 St10 G11 Isb,Corolla,1600
VEH0146,علی خان,Phase 8 Bahria RWP,Corolla,1600
VEH0147,احمد رضا,H#45 DHA Lhr,Civic,1800
VEH0148,Aly Khan,Bahria Phase 8 Rawalpindi,Land Cruiser,4600
VEH0149,Muhammad Ahmd,House 12 Street 10 G11 Islamabad,Land Cruiser,4600
VEH0150,Ahmed Raza,H#12 St10 G11 Isb,Prado,3000
VEH0151,علی خان,House 12 Street 10 G11 Islamabad,Prado,3000
VEH0152,Muhammad Ahmd,House 45 DHA Lahore,Prado,3000
VEH0153,Muhammad Ahmed,Phase 8 Bahria RWP,Prado,3000
VEH0156,Muhammad Ahmed,Street 10 G11 Islamabad,Land Cruiser,4600
VEH0157,M Ahmed,Street 10 G11 Islamabad,Fortuner,2700
VEH0158,علی خان,Phase 8 Bahria RWP,Civic,1800
VEH0160,Ali Khan,H#12 St10 G11 Isb,Civic,1800
VEH0161,علی خان,Bahria Phase 8 Rawalpindi,Prado,3000
VEH0162,Ahmed Raza,H#45 DHA Lhr,Fortuner,2700
VEH0164,محمد احمد,House 12 Street 10 G11 Islamabad,Civic,1800
VEH0167,M Ahmed,House 45 DHA Lahore,Civic,1800
VEH0168,علی خان,Street 10 G11 Islamabad,Prado,3000
VEH0170,Aly Khan,House 45 DHA Lahore,Corolla,1600
VEH0171,محمد احمد,Street 10 G11 Islamabad,Land Cruiser,4600
VEH0172,Muhammad Ahmd,House 45 DHA Lahore,Civic,1800
VEH0174,علی خان,House 45 DHA Lahore,Civic,1800
VEH0175,Muhammad Ahmd,H#45 DHA Lhr,Fortuner,2700
VEH0176,محمد احمد,House 45 DHA Lahore,Civic,1800
VEH0177,علی خان,Bahria Phase 8 Rawalpindi,Prado,3000
VEH0180,Ahmad Raza,H#12 St10 G11 Isb,Land Cruiser,4600
VEH0181,احمد رضا,H#12 St10 G11 Isb,Land Cruiser,4600
VEH0182,M Ahmed,Phase 8 Bahria RWP,Fortuner,2700
VEH0183,Muhammad Ahmed,H#45 DHA Lhr,Fortuner,2700
VEH0184,Muhammad Ahmd,H#45 DHA Lhr,Land Cruiser,4600
VEH0186,محمد احمد,Phase 8 Bahria RWP,Civic,1800
VEH0187,Muhammad Ahmd,Street 10 G11 Islamabad,Civic,1800
VEH0188,علی خان,House 12 Street 10 G11 Islamabad,Land Cruiser,4600
VEH0190,محمد احمد,H#12 St10 G11 Isb,Prado,3000
VEH0191,Ahmed Raza,House 45 DHA Lahore,Fortuner,2700
VEH0192,Ahmad Raza,House 12 Street 10 G11 Islamabad,Corolla,1600
VEH0194,محمد احمد,Street 10 G11 Islamabad,Land Cruiser,4600
VEH0196,M Ahmed,H#12 St10 G11 Isb,Land Cruiser,4600
VEH0197,Muhammad Ahmed,House 45 DHA Lahore,Corolla,1600
VEH0198,Ahmad Raza,H#45 DHA Lhr,Fortuner,2700
VEH0200,Ahmed Raza,H#12 St10 G11 Isb,Civic,1800
VEH0201,احمد رضا,House 12 Street 10 G11 Islamabad,Civic,1800
VEH0202,Ali Khan,H#12 St10 G11 Isb,Fortuner,2700
VEH0203,Ahmed Raza,Bahria Phase 8 Rawalpindi,Prado,3000
VEH0204,محمد احمد,Bahria Phase 8 Rawalpindi,Civic,1800
VEH0206,M Ahmed,Street 10 G11 Islamabad,Civic,1800
VEH0207,Muhammad Ahmd,Phase 8 Bahria RWP,Corolla,1600
VEH0208,علی خان,H#45 DHA Lhr,Prado,3000
VEH0214,M Ahmed,Bahria Phase 8 Rawalpindi,Fortuner,2700
VEH0215,Ali Khan,Street 10 G11 Islamabad,Prado,3000
VEH0217,Ali Khan,House 12 Street 10 G11 Islamabad,Corolla,1600
VEH0219,Aly Khan,H#12 St10 G11 Isb,Civic,1800
VEH0220,M Ahmed,Street 10 G11 Islamabad,Corolla,1600
VEH0221,احمد رضا,Phase 8 Bahria RWP,Civic,1800
VEH0223,Aly Khan,Street 10 G11 Islamabad,Prado,3000
VEH0225,محمد احمد,Phase 8 Bahria RWP,Civic,1800
VEH0226,Muhammad Ahmd,H#45 DHA Lhr,Prado,3000
VEH0228,M Ahmed,H#12 St10 G11 Isb,Civic,1800
VEH0230,Ahmad Raza,Bahria Phase 8 Rawalpindi,Fortuner,2700
VEH0231,Muhammad Ahmd,Street 10 G11 Islamabad,Fortuner,2700
VEH0234,Muhammad Ahmd,H#12 St10 G11 Isb,Prado,3000
VEH0238,Ahmad Raza,H#45 DHA Lhr,Land Cruiser,4600
VEH0239,Muhammad Ahmd,Bahria Phase 8 Rawalpindi,Civic,1800
VEH0242,محمد احمد,House 12 Street 10 G11 Islamabad,Corolla,1600
VEH0244,M Ahmed,Street 10 G11 Islamabad,Land Cruiser,4600
VEH0246,Muhammad Ahmed,H#12 St10 G11 Isb,Corolla,1600
VEH0250,Muhammad Ahmed,Bahria Phase 8 Rawalpindi,Fortuner,2700
VEH0251,Aly Khan,H#45 DHA Lhr,Land Cruiser,4600
VEH0253,Muhammad Ahmd,House 45 DHA Lahore,Prado,3000
VEH0254,M Ahmed,Phase 8 Bahria RWP,Civic,1800
VEH0255,احمد رضا,House 12 Street 10 G11 Islamabad,Land Cruiser,4600
VEH0256,احمد رضا,House 45 DHA Lahore,Civic,1800
VEH0257,Ahmed Raza,Bahria Phase 8 Rawalpindi,Land Cruiser,4600
VEH0258,Aly Khan,H#45 DHA Lhr,Land Cruiser,4600
VEH0260,احمد رضا,Street 10 G11 Islamabad,Corolla,1600
VEH0261,Ahmad Raza,H#45 DHA Lhr,Fortuner,2700
VEH0262,Ahmad Raza,House 12 Street 10 G11 Islamabad,Prado,3000
VEH0267,M Ahmed,Bahria Phase 8 Rawalpindi,Civic,1800
VEH0268,Ahmad Raza,H#12 St10 G11 Isb,Prado,3000
VEH0270,احمد رضا,H#12 St10 G11 Isb,Fortuner,2700
VEH0271,احمد رضا,H#12 St10 G11 Isb,Corolla,1600
VEH0272,M Ahmed,Street 10 G11 Islamabad,Land Cruiser,4600
VEH0274,Aly Khan,Street 10 G11 Islamabad,Civic,1800
VEH0275,Muhammad Ahmed,H#45 DHA Lhr,Civic,1800
VEH0276,Ahmad Raza,House 45 DHA Lahore,Prado,3000
VEH0279,Aly Khan,House 12 Street 10 G11 Islamabad,Fortuner,2700
VEH0280,علی خان,Bahria Phase 8 Rawalpindi,Corolla,1600
VEH0282,Ali Khan,House 45 DHA Lahore,Fortuner,2700
VEH0283,Ahmad Raza,House 12 Street 10 G11 Islamabad,Fortuner,2700
VEH0284,Ali Khan,House 12 Street 10 G11 Islamabad,Land Cruiser,4600
VEH0286,Ahmad Raza,Street 10 G11 Islamabad,Civic,1800
VEH0287,Muhammad Ahmd,Phase 8 Bahria RWP,Civic,1800
VEH0288,M Ahmed,Phase 8 Bahria RWP,Land Cruiser,4600
VEH0289,Ali Khan,H#12 St10 G11 Isb,Land Cruiser,4600
VEH0292,Aly Khan,Phase 8 Bahria RWP,Fortuner,2700
VEH0293,محمد احمد,H#12 St10 G11 Isb,Land Cruiser,4600
VEH0295,Muhammad Ahmd,H#12 St10 G11 Isb,Civic,1800
VEH0297,Aly Khan,House 45 DHA Lahore,Prado,3000
VEH0299,محمد احمد,H#12 St10 G11 Isb,Civic,1800
